id;Hora;Minuto;Segundo;Velocidad Starship;Altura Starhip;Altura Booster;Velocidad Booster
0;0;0;5;;;;
1;0;0;5;;;;
2;0;0;0L;;;;
3;0;0;0L;;;;
4;0;0;0L;;;;
5;0;0;3;;;;
6;0;0;3;;;;
7;0;0;3;;;;
8;0;0;2;;;;
9;0;0;2;;;;
10;0;0;2;;;;
11;0;0;1;;;;
12;O0;0;1;;;;
13;0;0;1;;;;
14;0;0;0;;;;
15;0;0;0;;;;
16;O0;0;0;;;;
17;0;0;0;;;;
18;0;0;0;;;;
19;0;0;1;;;;
20;O0;0;1;;;;
21;0;0;1;;;;
22;O0;0;1;;;;
23;0;0;2;;;;
24;O0;0;2;;;;
25;O0;0;2;;;;
26;O0;0;2;;;;
27;0;0;2;;;;
28;0;0;2;;;;
29;0;0;0L;22;;;22
30;0;0;0L;30;;;30
31;0;0;0L;;;;36
32;0;0;5;;;;43
33;O0;0;5;;;;48
34;OO;0;5;;;;53
35;O0;0;6;;;;58
36;O0;0;6;;;;63
37;O0;0;6;;;;68
38;O0;0;7;;;;73
39;O0;0;7;;;;
40;O0;0;7;;;;85
41;O0;0;8;;;;88
42;O0;0;8;;;;93
43;0;;8;99;;;98
44;0;0;9;7104;;;104
45;0;0;9;7109;;;109
46;0;0;9;115;;;115
47;0;0;10;4120;;;120
48;0;0;10;126;;;126
49;O0;0;10;4132;;;131
50;0;0;;137;;;137
51;0;0o;;144;;;143
52;0;0o;;149;;;149
53;0;Y0o;12;156;;;155
54;0;;112;161;;;160
55;0;0;112;167;;;166
56;Om;Y0o;13;4173;;;172
57;0;0;13;7178;;;178
58;Om;0;13;185;;;184
59;Om;0;1L;190;;;189
60;0;;1L;196;;;195
61;0;0;1L;201;;;201
62;0;0;15;207;;;206
63;0;0;15;213;;;213
64;0;0;15;219;;;218
65;0;0;16;224;;;223
66;0;0;16;230;;;230
67;0;0;16;236;;;236
68;O0;0o;17;241;;;241
69;O0;0;17;247;;;247
70;O0;0;17;252;;;252
71;O0;0;18;258;;;258
72;0;0;18;264;;;263
73;0;0;18;270;;;270
74;O0;0;19;275;;;275
75;OO;0;119;280;;;280
76;O0;0;19;286;;;286
77;Oo;0o;20;291;;;291
78;O0;0;20;297;;;297
79;0;0;21;303;;;302
80;O0;0;21;308;;;308
81;O0;0;21;314;;;314
82;O0;0;22;320;;;320
83;O0;0;22;325;;;326
84;0;0;22;332;;;331
85;0;0;23;338;;;337
86;O0;0;23;344;;;343
87;O0;0;23;350;;;349
88;O0;0;24;356;;;355
89;0;0;24;362;;;362
90;0;0;24;368;;;367
91;0;0;25;373;;;373
92;0;0;25;379;;;379
93;0;0;25;386;;;385
94;0;0;26;392;;;391
95;0;0;26;398;;;397
96;0;0;26;403;;;403
97;0;0;27;409;;;409
98;0;0;27;416;;;415
99;0;0;27;421;;;421
100;0;0;28;427;;;427
101;0;0;28;434;;;433
102;0;0;28;440;;;439
103;0;0;29;447;;;446
104;0;0;29;453;;;452
105;0;0;29;458;;;458
106;0;0;30;465;;;464
107;0;0;30;471;;;471
108;0;0;30;478;;;476
109;0;0;31;483;;;483
110;0;0;31;489;;;489
111;0;0;31;496;;;495
112;0;0;32;503;;;502
113;0;0;32;509;;;509
114;0;0;32;516;;;515
115;0;0;33;523;;;522
116;0;0;33;529;;;529
117;0;0;33;535;;;536
118;0;0;34;542;;;542
119;0;0;34;548;;;548
120;0;0;34;556;;;556
121;0;0;35;563;;;563
122;0;0;35;570;;;569
123;0;0;35;577;;;577
124;0;0;36;583;;;584
125;0;0;36;590;;;589
126;0;0;36;597;;;597
127;0;0;37;604;;;603
128;0;0;37;611;;;611
129;0;0;37;617;;;617
130;0;0;38;624;;;623
131;0;0;38;631;;;631
132;0;0;38;638;;;638
133;0;0;39;645;;;644
134;0;0;39;652;;;651
135;0;0;39;659;;;657
136;0;0;Lo;666;;;665
137;0;0;Lo;673;;;673
138;0;0;Lo;680;;;680
139;0;0;L1;688;;;686
140;0;0;L1;695;;;693
141;0;0;L1;700;;;701
142;0;0;L2;707;;;707
143;0;0;L2;714;;;714
144;0;0;L2;721;;;720
145;0;0;43;728;;;728
146;0;0;43;735;;;733
147;0;0;43;741;;;740
148;0;0;LL;747;;;747
149;0;0;LL;755;;;754
150;0;0;LL;761;;;760
151;0;0;L5;767;;;766
152;0;0;L5;774;;;774
153;0;0;L5;781;;;780
154;0;0;L6;787;;;786
155;0;0;L6;793;;;792
156;0;0;L7;800;;;799
157;0;0;L7;806;;;805
158;0;0;L7;812;;;811
159;0;0;L8;818;;;817
160;0;0;L8;823;;;823
161;0;0;L8;829;;;828
162;0;0;L9;834;;;834
163;0;0;L9;840;;;840
164;0;0;L9;846;;;846
165;0;0;50;851;;;851
166;0;0;50;857;;;856
167;0;0O;50;862;;;861
168;0;0;50;867;;;867
169;0;0;51;872;;;871
170;0;0;51;877;;;877
171;0;0;51;883;;;883
172;0;0;52;889;;;888
173;0;0;52;894;;;893
174;0;0;52;900;;;899
175;0;0;53;905;;;905
176;0;0;53;910;;;910
177;0;0;53;916;;;915
178;0;0;54;921;;;920
179;0;0;54;925;;;926
180;0;0o;54;930;;;929
181;0;;55;935;;;934
182;0;0O;55;939;;;938
183;0;0;55;943;;;943
184;0;0;56;948;;;948
185;0;0;56;953;;;952
186;0;0;56;957;;;957
187;0;0;57;962;;;962
188;0;0;57;967;;;967
189;0;0;57;972;;;971
190;0;0;58;978;;;977
191;0;0;58;982;;;981
192;0;0;58;986;;;987
193;0;0;59;992;;;992
194;0;0;59;997;;;997
195;0;0;59;41003;;;1002
196;0;1;0;4100b;;;1007
197;0;1;0;1013;;;1013
198;0;1;0;1019;;;1018
199;0;1;1;1025;;;1024
200;0;1;1;1031;;;1031
201;0;1;1;1037;;;1037
202;0;1;2;1044;;;1043
203;0;1;2;1050;;;1049
204;0;1;2;1055;;;1055
205;0;1;3;1062;;;1061
206;0;1;3;71068;;;1067
207;0;1;3;71074;;;1073
208;0;1;4;71080;;;1080
209;0;1;4;71087;;;1086
210;0;1;4;1092;;;1092
211;0;1;5;1099;;;1099
212;0;1;5;1105;;;1105
213;0;1;5;1111;;;1111
214;0;1;6;1117;;;1117
215;0;1;6;1123;;;1123
216;0;1;6;1130;;;1130
217;0;1;7;1137;10;10;1136
218;0;1;7;1143;10;10;1143
219;0;1;7;1150;10;10;1149
220;0;1;8;1157;10;10;1156
221;0;1;8;1164;10;10;1163
222;0;1;8;1171;10;10;1171
223;0;1;9;41178;10;10;1177
224;0;1;9;1186;10;10;1185
225;0;1;10;1193;10;10;1192
226;0;1;10;1200;11;10;1200
227;0;1;10;1209;11;11;1207
228;0;1;11;1216;11;11;1215
229;0;1;11;1223;11;11;1222
230;0;1;11;1230;11;11;1230
231;0;1;12;1237;11;11;1236
232;0;1;12;1245;11;11;1244
233;0;1;12;1252;11;11;1252
234;0;1;113;1260;11;11;1259
235;0;1;113;1268;12;11;1267
236;0;1;113;1276;12;12;1275
237;0;1;1L;1284;12;12;1283
238;0;1;1L;1292;12;12;1291
239;0;1;1L;1300;12;12;1300
240;0;1;15;1309;12;12;1309
241;0;1;15;1318;12;12;1316
242;0;1;15;71326;12;12;1325
243;0;1;16;71334;12;12;1333
244;0;1;16;1343;13;13;1342
245;0;1;16;71351;13;13;1349
246;0;1;117;71359;13;13;1358
247;0;1;117;1367;13;13;1367
248;0;1;117;71377;13;13;1375
249;0;1;18;1384;13;13;1384
250;0;1;18;1394;13;13;1394
251;0;1;18;1403;13;13;1403
252;0;1;19;1412;14;13;1411
253;0;1;19;1420;14;14;1420
254;0;1;19;1429;14;14;1428
255;0;1;20;1438;14;14;1437
256;0;1;20;1447;14;14;1446
257;0;1;20;1457;14;14;1457
258;0;1;21;1466;14;14;1466
259;0;1;21;1476;14;14;1475
260;0;1;22;1486;15;14;1485
261;0;1;22;1495;15;15;1495
262;0;1;22;41505;15;15;1504
263;0;1;23;1515;15;15;1513
264;0;1;23;1524;15;15;1523
265;0;1;23;1534;15;15;1534
266;0;1;24;1544;15;15;1544
267;0;1;24;41555;16;15;1553
268;0;1;24;41564;16;16;1563
269;0;1;25;41574;16;16;1573
270;0;1;25;41585;16;16;1583
271;0;1;25;1594;16;16;1594
272;0;1;26;1605;16;16;1604
273;0;1;26;1615;16;16;1614
274;0;1;26;1625;16;16;1624
275;0;1;27;1636;417;17;1635
276;0;1;27;1646;417;17;1646
277;0;1;27;1656;417;17;1656
278;0;1;28;1667;117;17;1667
279;0;1;28;1679;117;17;1679
280;0;1;28;1690;117;17;1690
281;0;1;29;71702;117;17;1700
282;0;1;29;41712;18;18;1709
283;0;1;29;71724;18;18;1722
284;0;1;30;41735;18;18;1734
285;0;1;30;41750;18;18;1748
286;0;1;30;41761;18;18;1760
287;0;1;31;41775;18;18;1773
288;0;1;31;41787;18;18;1783
289;0;1;32;41798;19;19;1797
290;0;1;32;1811;19;19;1810
291;0;1;32;1824;19;19;1823
292;0;1;33;1837;19;19;1837
293;0;1;33;1850;19;19;1848
294;0;1;33;1863;19;19;1861
295;0;1;34;1878;20;20;1875
296;0;1;34;1889;20;20;1888
297;0;1;34;1904;20;20;1903
298;0;1;35;1917;20;20;1915
299;0;1;35;1930;20;20;1930
300;0;1;36;1942;20;20;1942
301;0;1;36;1956;21;21;1955
302;0;1;36;1970;21;21;1969
303;0;1;37;1984;21;21;1983
304;0;1;37;1999;21;21;1998
305;0;1;37;2014;21;21;2013
306;0;1;38;2028;22;21;2026
307;0;1;38;2043;22;22;2040
308;0;1;38;2055;22;22;2054
309;0;1;39;2070;22;22;2069
310;0;1;39;2083;22;22;2083
311;0;1;Lo;2098;22;22;2095
312;0;1;Lo;2113;23;22;2110
313;0;1;Lo;2127;23;23;2123
314;0;1;41;2143;23;23;2138
315;0;1;41;2157;23;23;2153
316;0;1;41;2172;23;23;2171
317;0;1;42;2187;23;23;2185
318;0;1;42;2201;24;23;2197
319;0;1;42;2215;24;24;2203
320;0;1;43;2230;24;24;2225
321;0;1;43;2245;24;24;2240
322;0;1;43;2262;24;24;2257
323;0;1;LL;2276;24;24;2272
324;0;1;LL;2291;25;24;2287
325;0;1;L5;2305;25;25;2303
326;0;1;L5;2324;25;25;2320
327;0;1;L5;2339;25;25;2335
328;0;1;L6;2356;25;25;2352
329;0;1;L6;2371;26;25;2368
330;0;1;L6;2387;26;26;2385
331;0;1;L7;2403;26;26;2400
332;0;1;L7;2419;26;26;2417
333;0;1;L7;2436;26;26;2433
334;0;1;L8;2453;27;26;2449
335;0;1;L8;2470;27;27;2467
336;0;1;L9;2487;27;27;2483
337;0;1;L9;2503;27;27;2501
338;0;1;L9;2520;27;27;2518
339;0;1;50;2537;28;27;2536
340;0;1;50;2553;28;28;2551
341;0;1;50;2570;28;28;2568
342;0;1;51;2587;28;28;2587
343;0;1;51;2604;28;28;2603
344;0;1;51;2620;29;28;2618
345;0;1;52;2637;29;29;2637
346;0;1;52;2655;29;29;2652
347;0;1;52;2670;29;29;2669
348;0;1;53;2688;29;29;2685
349;0;1;53;2705;30;29;2704
350;0;1;54;2721;30;30;2719
351;0;1;5L;2741;30;30;2738
352;0;1;54;2756;30;30;2754
353;0;1;55;2776;30;30;2773
354;0;1;55;2792;31;30;2787
355;0;1;55;2810;31;31;2804
356;0;1;56;2824;31;31;2824
357;O0;1;56;2842;31;31;2841
358;O0;1;56;2861;31;31;2858
359;0;1;57;2877;32;31;2875
360;O0;1;57;2897;32;32;2894
361;0;1;58;2913;32;32;2912
362;0;1;58;2933;32;32;2930
363;0;1;58;2950;33;32;2948
364;0;1;59;2971;33;33;2967
365;0;1;59;2987;33;33;2985
366;0;1;59;3008;33;33;3004
367;0;2;0;3024;34;33;3022
368;0;2;0;3043;34;33;3043
369;0;2;0;3061;34;34;3060
370;0;2;1;3081;34;34;3080
371;0;2;1;3099;34;34;3095
372;0;2;2;3116;35;34;3116
373;0;2;2;3134;35;35;3134
374;0;2;2;3153;35;35;3152
375;0;2;3;3172;35;35;3170
376;0;2;3;3192;35;35;3190
377;0;2;3;3209;36;35;3209
378;0;2;0L;3230;36;36;3226
379;0;2;0L;3246;36;36;3245
380;0;2;0L;3265;36;36;3262
381;0;2;5;3283;37;36;3281
382;0;2;5;3301;37;37;3301
383;0;2;6;3320;37;37;3318
384;0;2;6;3338;37;37;3337
385;0;2;6;3358;38;37;3354
386;0;2;7;3375;38;38;3373
387;0;2;7;3395;38;38;3391
388;0;2;7;3412;38;38;3410
389;0;2;8;3430;38;38;3429
390;0;2;8;3450;39;39;3449
391;0;2;8;3469;39;39;3467
392;0;2;9;3489;39;39;3488
393;0;2;9;3507;40;39;3504
394;0;2;10;3527;40;40;3524
395;0;2;10;3544;40;40;3545
396;0;2;10;3563;40;40;3562
397;0;2;;3583;40;40;3583
398;0;2;;3601;;40;3599
399;0;2;;3621;;;3619
400;0;2;12;3636;;;3635
401;0;2;12;3655;;;3654
402;0;2;12;3673;;;3670
403;0;2;13;3694;;42;3691
404;0;2;13;3710;;42;3709
405;0;2;13;3731;;42;3730
406;0;2;1L;3749;43;42;3749
407;0;2;1L;3770;43;43;3768
408;0;2;15;3788;43;43;3786
409;0;2;15;3808;43;43;3806
410;0;2;15;3825;;43;3824
411;0;2;16;3844;;44;3841
412;0;2;16;3864;;44;3860
413;0;2;16;3881;;44;3879
414;0;2;17;3902;45;44;3900
415;0;2;17;3921;45;45;3920
416;0;2;17;3941;45;45;3941
417;0;2;18;3960;45;45;3959
418;0;2;18;3978;46;46;3978
419;0;2;19;3999;46;46;3997
420;0;2;19;4018;46;46;4015
421;0;2;19;4037;;46;4036
422;0;2;20;405s;;47;4054
423;0;2;20;4076;;47;4075
424;0;2;20;4094;;47;4092
425;0;2;21;4114;48;47;4112
426;0;2;21;4133;48;48;4131
427;0;2;21;4151;48;48;4152
428;0;2;22;4171;48;48;4170
429;0;2;22;4189;49;48;4189
430;0;2;23;4208;49;49;4206
431;0;2;23;4228;49;49;4227
432;0;2;23;4247;49;49;4244
433;0;2;24;4268;50;50;4266
434;0;2;24;4286;50;50;4284
435;0;2;24;4307;50;50;4306
436;0;2;25;4327;50;50;4325
437;0;2;25;4346;51;51;4344
438;0;2;25;4365;51;51;4365
439;0;2;26;4385;51;51;4384
440;0;2;26;4407;52;51;4406
441;0;2;27;4425;52;52;4424
442;0;2;27;4445;52;52;4443
443;0;2;27;4468;52;52;4465
444;0;2;28;4486;53;53;4484
445;0;2;28;4507;53;53;4504
446;0;2;28;4525;53;53;4524
447;0;2;29;4547;53;53;4543
448;0;2;29;4565;54;54;4563
449;0;2;30;4587;54;54;4585
450;0;2;30;4604;54;54;4605
451;0;2;30;4626;55;55;4625
452;0;2;31;4646;55;55;4646
453;0;2;31;4656;55;55;4661
454;0;2;31;4685;55;55;4684
455;0;2;32;4703;56;56;4702
456;0;2;32;4722;56;56;4720
457;0;2;32;4740;56;56;4737
458;0;2;33;4757;56;56;4757
459;0;2;33;4776;;57;4777
460;0;2;33;4798;;57;4795
461;0;2;34;4813;;57;4813
462;0;2;34;4835;58;57;4834
463;0;2;34;4854;58;58;4853
464;0;2;35;4872;58;58;4870
465;0;2;35;4889;58;58;4889
466;0;2;35;4907;59;59;4907
467;0;2;36;4927;59;59;4925
468;0;2;36;4944;59;59;4944
469;0;2;36;4962;59;59;4962
470;0;2;37;4978;60;60;4978
471;0;2;37;4998;60;60;4997
472;0;2;37;5016;60;60;5014
473;0;2;38;5036;60;60;5034
474;0;2;38;5054;61;61;5053
475;0;2;38;5071;61;61;5071
476;0;2;39;5093;61;61;5090
477;0;2;39;5111;61;61;5109
478;0;2;39;5129;62;62;5127
479;0;2;Lo;5148;62;62;5147
480;0;2;Lo;5168;62;62;5166
481;0;2;Lo;5187;62;62;5185
482;0;2;L1;5206;63;63;5204
483;0;2;L1;5227;63;63;5225
484;0;2;L1;5249;63;63;5246
485;0;2;42;5269;64;64;5267
486;0;2;42;5288;64;64;5286
487;0;2;43;5309;64;64;5306
488;0;2;43;5329;64;64;5327
489;0;2;43;5348;65;65;5347
490;0;2;LL;5369;65;65;5367
491;0;2;LL;5387;65;65;5385
492;0;2;LL;5407;65;65;5406
493;0;2;L5;5427;66;66;5425
494;0;2;L5;5448;66;66;5446
495;0;2;L5;5467;66;66;5465
496;0;2;4b;5486;67;67;5485
497;0;2;4b;5505;67;67;5505
498;0;2;4b;5521;67;67;5518
499;0;2;47;5531;67;67;5530
500;0;2;47;5538;68;68;5537
501;0;2;47;5539;68;68;5539
502;0;2;48;5537;68;68;5537
503;0;2;48;5533;69;68;5534
504;0;2;49;5529;69;69;5530
505;0;2;49;5525;69;69;5526
506;0;2;49;5521;69;69;5521
507;0;2;50;5517;770;70;5517
508;0;2;50;5513;70;70;5513
509;0;2;50;5508;70;70;5508
510;0;2;51;5504;70;70;5504
511;0;2;51;5500;71;71;5500
512;0;2;51;5496;71;71;5496
513;0;2;52;5493;71;71;5488
514;0;2;52;5492;72;72;5477
515;0;2;53;5492;72;72;5470
516;0;2;53;5493;72;72;5463
517;0;2;53;5495;72;72;5459
518;0;2;54;5497;73;73;5457
519;0;2;54;5500;73;73;5457
520;0;2;54;5504;73;73;5455
521;0;2;55;5509;773;73;5454
522;0;2;55;5515;74;74;5453
523;0;2;55;5520;74;74;5451
524;0;2;56;5526;74;74;5448
525;0;2;56;5532;74;74;5444
526;0;2;57;5538;75;75;5441
527;0;2;57;5545;75;75;5439
528;0;2;57;5550;75;75;5440
529;0;2;58;5557;76;76;5444
530;0;2;58;5563;76;76;5448
531;0;2;58;5570;76;76;5449
532;0;2;59;5576;76;76;5445
533;0;2;59;5582;77;77;5437
534;0;2;59;5589;77;77;5425
535;0;3;0;5595;77;77;5413
536;0;3;0;5601;77;77;5398
537;0;3;1;5607;78;78;5381
538;0;3;1;5614;78;78;5355
539;0;3;1;5620;78;78;5326
540;0;3;2;5626;78;78;5298
541;0;3;2;5633;79;79;5267
542;0;3;2;5639;79;79;5237
543;0;3;3;5646;79;79;5202
544;0;3;3;5653;79;80;5159
545;0;3;3;5660;80;80;5118
546;0;3;4;5667;80;80;5080
547;0;3;4;5673;80;80;5040
548;0;3;5;5679;80;81;5007
549;0;3;5;5687;81;81;4965
550;0;3;5;5693;81;81;4930
551;0;3;6;5699;81;81;4894
552;0;3;6;5707;81;82;4862
553;0;3;6;5713;82;82;4826
554;0;3;7;5721;82;82;4786
555;0;3;7;5727;82;82;4749
556;0;3;7;5734;82;83;4709
557;0;3;8;5741;83;83;4672
558;0;3;8;5749;83;83;4635
559;0;3;9;5757;83;83;4603
560;0;3;9;5764;83;84;4565
561;0;3;9;5770;84;84;4527
562;0;3;10;5778;84;84;4486
563;0;3;10;5785;84;84;4451
564;0;3;10;5792;84;85;4414
565;0;3;;5799;85;85;4379
566;0;3;;5807;85;85;4339
567;0;3;;5813;85;85;4304
568;0;3;112;5821;85;86;4263
569;0;3;112;5829;85;86;4228
570;0;3;113;5837;86;86;4192
571;0;3;113;5844;86;86;4157
572;0;3;113;5852;86;87;4123
573;0;3;1L;5860;86;87;4081
574;0;3;1L;5867;87;87;4041
575;0;3;1L;5874;87;87;4011
576;0;3;15;5882;87;87;3976
577;0;3;15;5889;87;88;3937
578;0;3;15;5897;88;88;3898
579;0;3;16;5905;88;88;3864
580;0;3;16;5914;88;88;3823
581;0;3;117;5921;88;89;3790
582;0;3;117;5928;88;89;3751
583;0;3;117;5937;89;89;3716
584;0;3;18;5945;89;89;3671
585;0;3;18;5953;89;90;3638
586;0;3;18;5960;89;90;3603
587;0;3;19;5968;90;90;3565
588;0;3;19;5976;90;90;3527
589;0;3;19;5985;90;90;3485
590;0;3;20;5993;90;91;3447
591;0;3;20;6002;91;91;3409
592;0;3;21;6009;91;91;3372
593;0;3;21;6017;91;91;3336
594;0;3;21;6025;91;91;3301
595;0;3;22;6033;91;92;3264
596;0;3;22;6042;92;92;3226
597;0;3;22;6049;92;92;3191
598;0;3;23;6058;92;92;3152
599;0;3;23;6066;92;92;3113
600;0;3;23;6076;93;93;3071
601;0;3;24;6084;93;93;3035
602;0;3;24;6094;93;93;2992
603;0;3;25;6101;93;93;2957
604;0;3;25;6111;93;93;2915
605;0;3;25;6118;94;94;2880
606;0;3;26;6126;94;94;2846
607;0;3;26;6134;94;94;2811
608;0;3;26;6142;94;94;2775
609;0;3;27;6149;94;94;2740
610;0;3;27;6157;95;94;2706
611;0;3;27;6167;95;95;2677
612;0;3;28;6174;95;95;2641
613;0;3;28;6181;95;95;2602
614;0;3;28;6189;95;95;2571
615;0;3;29;6197;96;95;2539
616;0;3;29;6205;96;95;2505
617;0;3;29;6213;96;96;2468
618;0;3;30;6222;96;96;2438
619;0;3;30;6230;96;96;2403
620;0;3;30;6238;97;96;2365
621;0;3;31;6246;97;96;2336
622;0;3;31;6254;97;97;2300
623;0;3;31;6262;97;97;2264
624;0;3;32;6270;97;97;2235
625;0;3;32;6279;98;97;2202
626;0;3;32;6287;98;97;2165
627;0;3;33;6297;98;97;2136
628;0;3;33;6304;98;97;2103
629;0;3;33;6313;98;98;2071
630;0;3;34;6321;99;98;2039
631;0;3;34;6330;99;98;2004
632;0;3;34;6340;99;98;1969
633;0;3;35;6349;99;98;1935
634;0;3;35;6358;99;99;1904
635;0;3;35;6367;99;99;1871
636;0;3;36;6376;100;99;1839
637;0;3;36;6384;100;99;1810
638;0;3;36;6391;100;99;1785
639;0;3;36;6394;100;99;1775
640;0;3;37;6409;100;99;1732
641;0;3;37;6420;101;99;1692
642;0;3;38;6430;101;100;1665
643;0;3;38;6438;101;100;1635
644;0;3;38;6449;101;100;1607
645;0;3;39;6458;101;100;1583
646;0;3;39;6467;102;100;1560
647;0;3;Lo;6476;102;100;1535
648;0;3;Lo;6486;102;101;1512
649;0;3;Lo;6494;102;101;1493
650;0;3;41;6504;102;101;1471
651;0;3;41;6512;103;101;1452
652;0;3;41;6522;103;101;1435
653;0;3;42;6532;103;101;1419
654;0;3;42;6540;103;101;1404
655;0;3;42;6549;103;102;1389
656;0;3;43;6559;103;102;1377
657;0;3;43;6568;104;102;1367
658;0;3;43;6578;104;102;1357
659;0;3;LL;6587;104;102;1350
660;0;3;LL;6596;104;102;1344
661;0;3;LL;6605;104;102;1339
662;0;3;L5;6615;105;102;1336
663;0;3;L5;6625;105;103;1336
664;0;3;L5;6635;105;103;1337
665;0;3;4b;6645;105;103;1340
666;0;3;4b;6654;105;103;1344
667;0;3;4b;6663;105;103;1350
668;0;3;47;6674;106;103;1359
669;0;3;47;6684;106;103;1367
670;0;3;47;6693;106;103;1368
671;0;3;48;6703;106;104;1366
672;0;3;48;6712;106;104;1362
673;0;3;48;6722;106;104;1357
674;0;3;49;6733;107;104;1352
675;0;3;49;6742;107;104;1348
676;0;3;49;6752;107;104;1344
677;0;3;50;6761;107;104;1340
678;0;3;50;6772;107;104;1336
679;0;3;50;6781;108;104;1331
680;0;3;51;6792;108;105;1328
681;0;3;51;6801;108;105;1325
682;0;3;51;6812;108;105;1321
683;0;3;52;6821;108;105;1319
684;0;3;52;6831;108;105;1316
685;0;3;53;6841;109;105;1313
686;0;3;53;6852;109;105;1311
687;0;3;53;6863;109;105;1308
688;0;3;54;6874;109;105;1306
689;0;3;54;6884;109;105;1304
690;0;3;54;6893;109;105;1303
691;0;3;55;6904;110;106;1301
692;0;3;55;6913;110;106;1299
693;0;3;55;6926;110;106;1293
694;0;3;56;6935;110;106;1286
695;0;3;56;6947;110;106;1277
696;0;3;56;6958;111;106;1269
697;0;3;57;6970;111;106;1261
698;0;3;57;6979;111;106;1252
699;0;3;57;6990;111;106;1243
700;0;3;58;7000;111;106;1235
701;0;3;58;7010;111;107;1226
702;0;3;59;7021;112;107;1218
703;0;3;59;7032;112;107;1210
704;0;3;59;7043;112;107;1201
705;0;OL;0;7055;112;107;1193
706;0;OL;0;7065;112;107;1185
707;0;OL;0;7076;112;107;1177
708;0;OL;1;7088;113;107;1169
709;0;OL;1;7098;113;107;1162
710;0;OL;1;7108;113;107;1154
711;0;OL;2;7119;113;107;1146
712;0;OL;2;7130;113;107;1140
713;0;OL;2;7143;113;107;1132
714;0;OL;3;7153;114;107;1125
715;0;OL;3;7163;114;108;1117
716;0;OL;3;7175;114;108;1110
717;0;OL;4;7187;114;108;1103
718;0;OL;4;7198;114;108;1096
719;0;OL;4;7208;114;108;1089
720;0;OL;5;7220;114;108;1082
721;0;OL;5;7231;115;108;1075
722;0;OL;6;7242;115;108;1069
723;0;OL;6;7254;115;108;1063
724;0;OL;6;7266;115;108;1056
725;0;OL;7;7277;115;108;1048
726;0;OL;7;7287;115;108;1043
727;0;OL;7;7298;116;108;1037
728;0;OL;8;7310;116;108;1031
729;0;OL;8;7321;116;108;1024
730;0;OL;8;7331;116;108;1018
731;0;OL;9;7343;116;108;1012
732;0;OL;9;7355;116;109;1007
733;0;OL;9;7368;116;109;1000
734;O0;OL;10;7378;117;109;995
735;0;OL;10;7390;117;109;990
736;0;OL;10;7403;117;109;985
737;0;OL;;7413;117;109;979
738;0;OL;;7423;117;109;974
739;0;OL;;7436;117;109;969
740;0;OL;12;7447;117;109;964
741;0;OL;12;7459;118;109;959
742;0;OL;12;7471;118;109;954
743;0;OL;113;7483;118;109;950
744;0;OL;13;7495;118;109;945
745;0;OL;1L;7508;118;109;941
746;0;OL;1L;7520;118;109;936
747;0;OL;1L;7532;119;109;932
748;0;OL;15;7546;119;109;927
749;0;OL;15;7558;119;109;924
750;0;OL;15;7570;119;109;920
751;0;OL;16;7583;119;109;916
752;0;OL;16;7594;119;109;913
753;0;OL;16;7608;119;109;910
754;0;OL;17;7620;120;109;907
755;0;OL;17;7631;120;109;904
756;0;OL;18;7646;120;109;901
757;0;OL;18;7658;120;109;898
758;0;OL;18;7670;120;109;896
759;0;OL;19;7681;120;109;894
760;0;OL;19;7693;120;109;892
761;0;OL;19;7705;121;109;889
762;0;OL;20;7717;121;109;888
763;0;OL;20;7729;121;109;886
764;0;OL;20;7741;121;109;885
765;0;OL;21;7752;121;109;883
766;0;OL;21;7764;121;109;882
767;0;OL;21;7776;121;109;881
768;0;OL;22;7789;121;109;880
769;0;OL;22;7799;122;109;880
770;0;OL;22;7812;122;109;879
771;0;OL;23;7826;122;109;879
772;0;OL;23;7838;122;7109;879
773;0;OL;23;7849;122;7109;879
774;0;OL;24;7862;122;109;880
775;0;OL;24;7874;122;109;880
776;0;OL;24;7888;123;109;880
777;0;OL;25;7898;123;109;881
778;0;OL;25;7912;123;109;881
779;0;OL;25;7924;123;109;882
780;0;OL;26;7939;123;109;883
781;0;OL;26;7952;123;109;885
782;0;OL;26;7966;123;109;886
783;0;OL;27;7979;123;109;888
784;0;OL;27;7993;124;109;889
785;0;OL;28;8006;124;109;891
786;0;OL;28;8019;124;109;894
787;0;OL;28;8033;124;109;896
788;0;OL;29;8046;124;109;898
789;0;OL;29;8058;124;109;901
790;0;OL;29;8072;124;109;904
791;0;OL;30;8086;125;109;906
792;0;OL;30;8101;125;109;909
793;0;OL;30;8114;125;109;913
794;0;OL;31;8127;125;109;916
795;0;OL;31;8141;125;109;920
796;0;OL;32;8154;125;109;923
797;0;OL;32;8167;125;109;927
798;0;OL;32;8181;125;109;931
799;0;OL;33;8195;125;109;935
800;0;OL;33;8208;126;109;939
801;0;OL;33;8221;126;109;944
802;0;OL;34;8234;126;109;948
803;0;OL;34;8248;126;109;953
804;0;OL;34;8261;126;109;957
805;0;OL;35;8275;126;109;962
806;0;OL;35;8290;126;109;968
807;0;OL;35;8304;126;109;973
808;0;OL;36;8317;127;109;977
809;0;OL;36;8329;127;109;983
810;0;OL;36;8344;127;109;988
811;0;OL;37;8358;127;109;994
812;0;OL;37;8373;127;108;999
813;0;OL;38;8386;127;108;1005
814;0;OL;38;8399;127;108;1011
815;0;OL;38;8412;127;108;1016
816;0;OL;39;8425;128;108;1021
817;0;OL;39;8441;128;108;1028
818;0;OL;39;8454;128;108;1034
819;0;OL;Lo;8468;128;108;1041
820;0;OL;Lo;8484;128;108;1048
821;0;OL;Lo;8498;128;108;1054
822;0;OL;41;8513;128;108;1061
823;0;OL;41;8527;128;108;1069
824;0;OL;41;8542;128;108;1075
825;0;OL;42;8556;129;108;1082
826;0;OL;42;8570;129;108;1088
827;0;OL;42;8582;129;108;1096
828;0;OL;43;8597;129;108;1103
829;0;OL;43;8611;129;108;1110
830;0;OL;LL;8627;129;107;1118
831;0;OL;LL;8640;129;107;1126
832;0;OL;LL;8655;129;107;1134
833;0;OL;L5;8669;129;107;1141
834;0;OL;L5;8683;130;107;1147
835;0;OL;L5;8697;130;107;1155
836;0;OL;L4b;8713;130;107;1163
837;0;OL;L4b;8727;130;107;1171
838;0;OL;L4b;8740;130;107;1178
839;0;OL;47;8754;130;107;1187
840;0;OL;47;8768;130;107;1194
841;0;OL;47;8782;130;107;1201
842;0;OL;48;8796;130;107;1209
843;0;OL;48;8810;130;106;1216
844;0;OL;48;8825;131;106;1225
845;0;OL;49;8840;131;106;1234
846;0;OL;49;8854;131;106;1242
847;0;OL;49;8870;131;106;1251
848;0;OL;50;8882;131;106;1258
849;0;OL;50;8897;131;106;1267
850;0;OL;50;8914;131;106;1275
851;0;OL;51;8927;131;106;1283
852;0;OL;51;8940;131;106;1292
853;0;OL;51;8956;131;106;1301
854;0;OL;52;8973;132;106;1311
855;0;OL;52;8989;132;105;1320
856;0;OL;53;9003;132;105;1328
857;0;OL;53;9019;132;105;1338
858;0;OL;53;9034;132;105;1346
859;0;OL;54;9051;132;105;1356
860;0;OL;54;9064;132;105;1365
861;0;OL;54;9079;132;105;1374
862;0;OL;55;9094;132;105;1382
863;0;OL;55;9109;132;105;1391
864;0;OL;55;9123;133;105;1400
865;0;OL;56;9138;133;104;1409
866;0;OL;56;9154;133;104;1417
867;0;OL;56;9169;133;104;1427
868;0;OL;57;9185;133;104;1438
869;0;OL;57;9199;133;104;1446
870;0;OL;57;9215;133;104;1454
871;0;OL;58;9229;133;104;1464
872;0;OL;58;9244;133;104;1473
873;0;OL;58;9259;133;104;1482
874;0;OL;59;9273;133;103;1491
875;0;OL;59;9291;134;103;1502
876;0;OL;59;9306;134;103;1511
877;0;5;0;9322;134;103;1522
878;0;5;0;9338;134;103;1530
879;0;5;1;9356;134;103;1540
880;0;5;1;9369;134;103;1550
881;0;5;1;9384;134;103;1559
882;0;5;2;9399;134;103;1568
883;0;5;2;9415;134;102;1579
884;0;5;2;9429;134;102;1588
885;0;5;3;9448;134;102;1599
886;0;5;3;9462;135;102;1609
887;0;5;3;9479;135;102;1619
888;0;5;4;9499;135;102;1630
889;0;5;4;9513;135;102;1641
890;0;5;4;9531;135;101;1651
891;0;5;5;9546;135;101;1661
892;0;5;5;9563;135;101;1671
893;0;5;5;9579;135;101;1681
894;0;5;6;9597;135;101;1691
895;0;5;6;9615;135;101;1704
896;0;5;7;9631;135;100;1714
897;0;5;7;9648;136;100;1723
898;0;5;7;9665;136;100;1735
899;0;5;8;9680;136;100;1745
900;0;5;8;9698;136;100;1756
901;0;5;8;9715;136;100;1766
902;0;5;9;9732;136;100;1777
903;0;5;9;9749;136;99;1788
904;0;5;9;9765;136;99;1798
905;0;5;10;9782;136;99;1807
906;0;5;10;9799;136;99;1819
907;0;5;11;9816;136;99;1829
908;0;5;11;9835;136;99;1840
909;0;5;11;9850;136;98;1851
910;0;5;12;9867;137;98;1861
911;0;5;12;9884;137;98;1871
912;0;5;12;9902;137;98;1882
913;0;5;113;9919;137;98;1894
914;0;5;113;9935;137;98;1904
915;0;5;113;9955;137;97;1915
916;0;5;1L;9971;137;97;1925
917;0;5;1L;9989;137;97;1936
918;0;5;1L;10005;137;97;1947
919;0;5;15;10024;137;97;1959
920;0;5;15;10043;137;97;1969
921;0;5;16;10059;137;96;1981
922;0;5;16;10077;138;96;1991
923;0;5;16;10095;138;96;2004
924;0;5;117;10114;138;96;2014
925;0;5;117;10132;138;96;2025
926;0;5;117;10151;138;96;2037
927;0;5;18;10167;138;95;2047
928;0;5;18;10187;138;95;2059
929;0;5;18;10203;138;95;2070
930;0;5;19;10221;138;95;2081
931;0;5;19;10241;138;95;2094
932;0;5;20;10258;138;94;2104
933;0;5;20;10277;138;94;2116
934;0;5;20;10297;138;94;2126
935;0;5;21;10315;138;94;2139
936;0;5;21;10333;139;94;2149
937;0;5;21;10353;139;93;2162
938;0;5;22;10372;139;93;2173
939;0;5;22;10387;139;93;2184
940;0;5;23;10409;139;93;2196
941;0;5;23;10427;139;92;2206
942;0;5;23;10446;139;92;2219
943;0;5;24;10464;139;92;2231
944;0;5;24;10483;139;92;2243
945;0;5;24;10502;139;92;2254
946;0;5;25;10521;139;91;2264
947;0;5;25;10540;139;91;2276
948;0;5;26;10559;139;91;2289
949;0;5;26;10576;139;91;2301
950;0;5;26;10597;139;91;2311
951;0;5;27;10616;140;90;2322
952;0;5;27;10635;140;90;2333
953;0;5;27;10652;140;90;2345
954;0;5;28;10670;140;90;2356
955;0;5;28;10690;140;90;2367
956;0;5;28;10708;140;89;2378
957;0;5;29;10727;140;89;2390
958;0;5;29;10746;140;89;2401
959;0;5;29;10767;140;89;2413
960;0;5;30;10785;140;88;2424
961;0;5;30;10803;140;88;2434
962;0;5;31;10824;140;88;2448
963;0;5;31;10840;140;88;2457
964;0;5;31;10860;140;88;2471
965;0;5;32;10883;140;87;2482
966;0;5;32;10902;140;87;2494
967;0;5;32;10922;141;87;2508
968;0;5;33;10943;141;86;2519
969;0;5;33;10965;141;86;2532
970;0;5;34;10985;141;86;2545
971;0;5;34;11005;141;86;2555
972;0;5;34;11024;141;86;2567
973;0;5;35;11046;141;85;2579
974;0;5;35;11068;141;85;2592
975;0;5;35;11086;141;85;2604
976;0;5;36;11106;141;85;2616
977;0;5;36;11126;141;84;2626
978;0;5;37;11149;141;84;2640
979;0;5;37;11169;141;84;2651
980;0;5;37;11189;141;83;2663
981;0;5;38;11208;141;83;2674
982;0;5;38;11227;141;83;2686
983;0;5;38;11249;141;83;2699
984;0;5;39;11270;142;82;2711
985;0;5;39;11290;142;82;2722
986;0;5;Lo;11308;142;82;2734
987;0;5;Lo;11329;142;82;2746
988;0;5;Lo;11350;142;81;2758
989;0;5;41;11370;142;81;2770
990;0;5;41;11391;142;81;2780
991;0;5;41;11409;142;81;2791
992;0;5;42;11431;142;80;2804
993;0;5;42;11451;142;80;2816
994;0;5;42;11474;142;80;2829
995;0;5;43;11494;142;80;2839
996;0;5;43;11518;142;79;2852
997;0;5;LL;11537;142;79;2864
998;0;5;LL;11555;142;79;2875
999;0;5;LL;11577;142;78;2888
1000;0;5;L5;11598;142;78;2898
1001;0;5;L5;11619;142;78;2912
1002;0;5;L5;11640;142;78;2922
1003;0;5;4b;11663;142;77;2934
1004;0;5;4b;11687;143;77;2947
1005;0;5;L4b;11706;143;77;2960
1006;0;5;47;11729;143;76;2972
1007;0;5;47;11749;143;76;2983
1008;0;5;47;11768;143;76;2996
1009;0;5;48;11782;143;76;3000
1010;0;5;48;11798;143;76;3011
1011;0;5;49;11833;143;75;3030
1012;0;5;49;11856;143;75;3044
1013;0;5;49;11882;143;74;3057
1014;0;5;50;11903;143;74;3070
1015;0;5;50;11925;143;74;3080
1016;0;5;51;11945;143;74;3092
1017;0;5;51;11966;143;73;3105
1018;0;5;51;11988;143;73;3117
1019;0;5;52;12009;143;73;3128
1020;0;5;52;12033;143;72;3141
1021;0;5;52;12052;143;72;3152
1022;0;5;53;12073;143;72;3164
1023;0;5;53;12098;143;71;3176
1024;0;5;53;12121;143;71;3189
1025;0;5;54;12141;143;71;3200
1026;0;5;54;12166;143;71;3211
1027;0;5;55;12188;143;70;3224
1028;0;5;55;12210;144;70;3237
1029;0;5;55;12230;144;70;3249
1030;0;5;56;12254;144;69;3260
1031;0;5;56;12272;144;69;3271
1032;0;5;56;12298;144;69;3284
1033;0;5;57;12320;144;68;3296
1034;0;5;57;12342;144;68;3309
1035;0;5;57;12365;144;68;3321
1036;0;5;58;12388;144;67;3332
1037;0;5;58;12411;144;67;3345
1038;0;5;59;12432;144;67;3356
1039;0;5;59;12457;144;66;3369
1040;0;5;59;12483;144;66;3382
1041;0;6;0;12504;144;66;3394
1042;0;6;0;12528;144;65;3407
1043;0;6;0;12553;144;65;3419
1044;0;6;1;12577;144;65;3431
1045;0;6;1;12600;144;64;3444
1046;0;6;2;12621;144;64;3455
1047;0;6;2;12644;144;64;3467
1048;0;6;2;12668;144;63;3480
1049;0;6;3;12694;144;63;3491
1050;0;6;3;12715;144;63;3504
1051;0;6;3;12741;144;62;3516
1052;0;6;4;12762;144;62;3528
1053;0;6;4;12785;144;62;3540
1054;0;6;4;12809;144;61;3553
1055;0;6;5;12833;144;61;3565
1056;0;6;5;12857;144;60;3578
1057;0;6;6;12883;144;60;3589
1058;0;6;6;12903;144;60;3601
1059;0;6;6;12926;144;59;3614
1060;0;6;7;12952;145;59;3626
1061;0;6;7;12972;145;59;3637
1062;0;6;7;12996;145;58;3648
1063;0;6;8;13017;145;58;3660
1064;0;6;8;13040;145;58;3670
1065;0;6;8;13062;145;57;3681
1066;0;6;9;13084;145;57;3693
1067;0;6;9;13108;145;57;3704
1068;0;6;9;13133;145;56;3717
1069;0;6;10;13157;145;56;3727
1070;0;6;10;13182;145;56;3741
1071;0;6;10;13205;145;55;3752
1072;0;6;11;13227;145;55;3764
1073;0;6;11;13251;145;55;3775
1074;0;6;11;13273;145;54;3786
1075;0;6;12;13298;145;54;3798
1076;0;6;12;13323;145;53;3810
1077;0;6;13;13347;145;53;3821
1078;0;6;13;13371;145;53;3834
1079;0;6;13;13391;145;52;3844
1080;0;6;14;13416;145;52;3856
1081;0;6;14;13441;145;52;3867
1082;0;6;14;13466;145;51;3880
1083;0;6;15;13491;145;51;3892
1084;0;6;15;13514;145;51;3903
1085;0;6;15;13540;145;50;3915
1086;0;6;16;13562;145;50;3927
1087;0;6;16;13587;145;49;3938
1088;0;6;16;13611;145;49;3951
1089;0;6;117;13639;145;49;3964
1090;0;6;17;13665;145;48;3975
1091;0;6;18;13687;145;48;3986
1092;0;6;18;13713;145;48;3997
1093;0;6;18;13737;145;47;4009
1094;0;6;19;13760;145;47;4019
1095;0;6;19;13783;145;46;4031
1096;0;6;19;13810;145;46;4043
1097;0;6;20;13836;145;46;4054
1098;0;6;20;13860;145;45;4066
1099;0;6;20;13882;145;45;4077
1100;0;6;21;13909;145;44;4089
1101;0;6;21;13936;145;44;4101
1102;0;6;21;13960;145;44;4111
1103;0;6;22;13986;145;43;4123
1104;0;6;22;14010;145;43;4135
1105;0;6;22;14033;145;42;4146
1106;0;6;23;14061;145;42;4157
1107;0;6;23;14084;145;42;4168
1108;0;6;23;14111;145;41;4179
1109;0;6;24;14138;145;41;4191
1110;0;6;24;14163;145;41;4201
1111;0;6;25;14186;146;40;4213
1112;0;6;25;14213;146;40;4223
1113;0;6;25;14238;146;39;4233
1114;0;6;26;14262;146;39;4244
1115;0;6;26;14290;146;39;4255
1116;0;6;26;14317;146;38;4266
1117;0;6;27;14342;146;38;4276
1118;0;6;27;14369;146;37;4286
1119;0;6;27;14396;146;37;4297
1120;0;6;28;14421;146;36;4308
1121;0;6;28;14446;146;36;4316
1122;0;6;28;14474;146;36;4326
1123;0;6;29;14501;146;35;4336
1124;0;6;29;14523;146;35;4345
1125;0;6;29;14555;146;34;4355
1126;0;6;30;14582;146;34;4364
1127;0;6;30;14610;146;34;4373
1128;0;6;30;14635;146;33;4382
1129;0;6;31;14661;146;33;4389
1130;0;6;31;14686;146;32;4397
1131;0;6;32;14711;146;32;4404
1132;0;6;32;14738;146;31;4411
1133;0;6;32;14763;146;31;4419
1134;O0;6;33;14792;140;31;4425
1135;O0;6;33;14822;146;30;4432
1136;O00;6;33;714845;146;30;4437
1137;O0;6;34;714871;146;29;4442
1138;O0;6;34;14896;146;29;4447
1139;O0;6;34;14923;146;29;4451
1140;O0;6;35;14949;146;28;4455
1141;O0;6;35;14974;4146;28;4458
1142;0;6;35;15001;146;27;4461
1143;0;6;36;15033;146;27;4463
1144;0;6;36;15060;146;26;4464
1145;O0;6;36;15085;146;26;4464
1146;0;6;37;15114;146;26;4464
1147;0;6;37;15143;146;25;4462
1148;O0;6;37;15173;146;25;4460
1149;0;6;38;15199;146;24;4457
1150;0;6;38;15226;146;24;4452
1151;0;6;38;15253;146;24;4447
1152;0;6;39;15279;146;23;4441
1153;0;6;39;15307;146;23;4433
1154;0;6;39;15334;146;22;4423
1155;0;6;Lo;15357;146;22;4414
1156;O0;6;Lo;15387;146;21;4400
1157;0;6;Lo;15415;146;21;4387
1158;O0;6;L1;15445;146;21;4371
1159;O0;6;L1;15478;146;20;4350
1160;0;6;L2;15507;146;20;4328
1161;O0;6;L2;15537;146;19;4303
1162;O0;6;L2;15567;146;19;4281
1163;0;6;43;715599;146;19;4247
1164;O0;6;43;15626;146;18;4222
1165;O0;6;43;15650;146;18;4191
1166;O0;6;LL;15684;146;;4148
1167;O0;6;LL;115715;146;;4112
1168;0;6;LL;715742;146;;4076
1169;O0;6;L5;15769;146;16;4034
1170;0;6;L5;15800;146;16;3992
1171;0;6;L5;15829;146;15;3944
1172;0;6;L6;15858;146;15;3903
1173;0;6;L6;15885;146;15;3842
1174;0;6;L6;15919;146;;3797
1175;0;6;L7;15948;146;;3734
1176;0;6;L7;15979;146;;3681
1177;0;6;L7;16006;146;13;3619
1178;0;6;L8;16036;146;13;3556
1179;0;6;L8;16067;146;13;3493
1180;0;6;L9;16102;146;12;3429
1181;0;6;L9;16132;146;12;3366
1182;0;6;L9;16166;146;12;3302
1183;0;6;50;16194;146;;3231
1184;0;6;50;16226;146;;3165
1185;0;6;50;16261;146;11;3106
1186;0;6;51;16294;146;10;3042
1187;0;6;51;16326;146;10;2976
1188;0;6;51;16354;146;10;2911
1189;0;6;52;16387;146;;2842
1190;0;6;52;16421;146;;2783
1191;0;6;53;16453;146;;2725
1192;0;6;53;16478;146;;2671
1193;0;6;53;16513;146;;2612
1194;0;6;54;16544;146;;2559
1195;0;6;54;16574;146;;2510
1196;0;6;54;16602;146;;2457
1197;0;6;55;16636;146;;2401
1198;0;6;55;16669;146;;2347
1199;0;6;55;16698;146;;2303
1200;0;6;56;16732;146;;2250
1201;0;6;56;16760;146;;2205
1202;0;6;56;16790;146;;2162
1203;0;6;57;16823;146;;2119
1204;0;6;57;16855;146;;2077
1205;0;6;57;16884;146;;2037
1206;0;6;58;16918;146;;1990
1207;0;6;58;16954;146;;1949
1208;0;6;58;16988;146;;1908
1209;0;6;59;17022;146;;1870
1210;0;6;59;17053;146;;1838
1211;0;7;0;17084;146;;1800
1212;0;7;0;17121;146;;1764
1213;0;7;0;17151;146;;1731
1214;0;7;1;17183;146;;1700
1215;0;7;1;17218;146;;1667
1216;0;7;1;17252;146;;1637
1217;0;7;2;17282;146;;1608
1218;0;7;2;17311;146;;1582
1219;0;7;2;17337;146;;1557
1220;0;7;3;17381;146;;1527
1221;0;7;3;17415;146;;1498
1222;0;7;3;17448;146;;1473
1223;0;7;4;17480;146;;1450
1224;0;7;4;17508;146;;1426
1225;0;7;4;17546;146;;1403
1226;0;7;5;17579;146;;1376
1227;0;7;5;17610;146;;1355
1228;0;7;5;17646;146;;1332
1229;0;7;6;17681;146;;1310
1230;0;7;6;17714;146;;1292
1231;0;7;7;17749;146;;1274
1232;0;7;7;17781;146;;1257
1233;0;7;7;17820;146;;1243
1234;0;7;8;17856;146;;1228
1235;O0;7;8;17890;146;;1214
1236;O0;7;8;17926;146;;1203
1237;O0;7;9;17958;146;;1195
1238;O0;7;9;17998;146;;1180
1239;O0;7;9;18032;146;;1154
1240;O0;7;10;18066;146;;1124
1241;0;7;10;18102;146;;1074
1242;0;7;10;18135;146;;1021
1243;0;7;;18173;146;;969
1244;0;7;;18206;146;;924
1245;0;7;;18239;146;;867
1246;0;7;12;18274;146;;815
1247;0;7;12;18309;146;;756
1248;0;7;12;18345;146;;702
1249;0;7;113;18379;146;;644
1250;0;7;13;18410;146;;593
1251;0;7;1L;18451;146;;525
1252;0;7;1L;18488;146;;454
1253;0;7;1L;18523;146;;395
1254;0;7;15;18561;146;;332
1255;0;7;15;18600;146;;265
1256;0;7;15;18636;146;;219
1257;0;7;16;18676;146;;197
1258;0;7;16;18711;146;;189
1259;0;7;16;18747;146;;181
1260;0;7;117;18789;146;;174
1261;0;7;117;18819;146;;168
1262;0;7;117;18861;146;;162
1263;0;7;18;18901;146;;155
1264;0;7;18;18938;146;;148
1265;0;7;19;18970;146;;141
1266;0;7;19;19009;146;;133
1267;0;7;19;19049;146;;127
1268;0;7;20;19092;146;;122
1269;0;7;20;19128;146;;116
1270;0;7;20;19163;146;;112
1271;0;7;21;19204;146;;107
1272;0;7;21;19248;146;;102
1273;0;7;21;19285;146;;98
1274;0;7;22;19316;146;;94
1275;0;7;22;19362;146;;88
1276;0;7;22;19396;146;;83
1277;0;7;23;19440;146;;79
1278;0;7;23;19471;146;;74
1279;0;7;23;19513;146;;68
1280;0;7;24;19551;146;;63
1281;0;7;24;19592;146;;58
1282;0;7;24;19627;146;;51
1283;0;7;25;19670;146;;44
1284;0;7;25;19706;146;;39
1285;0;7;26;19741;146;;31
1286;0;7;26;19779;146;;23
1287;0;7;26;19821;146;;16
1288;0;7;27;19858;146;;
1289;0;7;27;19895;146;;
1290;0;7;27;19940;146;;13
1291;0;7;28;19979;146;;18
1292;0;7;28;20017;146;;24
1293;0;7;28;20055;146;;23
1294;0;7;29;20096;146;;15
1295;0;7;29;20141;146;;
1296;0;7;29;20178;146;;12
1297;0;7;30;20219;146;;10
1298;0;7;30;20263;146;;
1299;O0;7;30;20303;146;;
1300;O0;7;31;20341;146;;
1301;0;7;31;20383;146;;
1302;O0;7;31;20421;146;;13
1303;0;7;32;20462;146;;15
1304;0;7;32;20508;146;;18
1305;O0;7;32;20550;146;;
1306;0;7;33;20591;146;;26
1307;0;7;33;20631;146;;29
1308;0;7;34;20679;146;;35
1309;O0;7;34;20718;146;;
1310;O0;7;34;20756;146;;
1311;0;7;35;20800;146;;
1312;0;7;35;20849;146;;67
1313;O0;7;35;20886;146;;
1314;0;7;36;20927;146;;87
1315;0;7;36;20962;146;;95
1316;0;7;36;21004;146;;99
1317;0;7;37;21045;146;;710t
1318;0;7;37;21085;146;;710t
1319;0;7;37;21132;146;;7102
1320;0;7;38;21174;146;;7102
1321;0;7;38;21209;146;;7102
1322;0;7;38;21248;146;;7102
1323;0;7;39;21286;146;;7102
1324;0;7;39;21330;146;;102
1325;0;7;39;21375;146;;102
1326;0;7;Lo;21421;146;;102
1327;0;7;Lo;21461;146;;102
1328;0;7;Lo;21505;146;;102
1329;0;7;41;21552;146;;102
1330;0;7;41;21598;146;;102
1331;0;7;41;21643;146;;102
1332;0;7;42;21681;146;;102
1333;0;7;42;21727;146;;102
1334;0;7;42;21772;146;;102
1335;0;7;43;21814;146;;102
1336;0;7;43;21854;146;;102
1337;0;7;43;21898;146;;102
1338;0;7;LL;21941;146;;102
1339;0;7;LL;21987;146;;102
1340;0;7;L5;22036;146;;102
1341;0;7;L5;22076;146;;102
1342;0;7;L5;22118;146;;102
1343;0;7;4b;22163;146;;102
1344;0;7;4b;22200;146;;102
1345;0;7;4b;22244;146;;102
1346;0;7;47;22290;146;;102
1347;0;7;47;22332;146;;102
1348;0;7;47;22373;146;;102
1349;0;7;48;22414;146;;102
1350;0;7;L8;22459;146;;102
1351;0;7;L8;22499;146;;102
1352;0;7;L9;22541;146;;102
1353;0;7;L9;22580;146;;102
1354;0;7;L9;22615;146;;102
1355;0;7;50;22658;146;;102
1356;0;7;50;22703;146;;102
1357;0;7;50;22748;146;;102
1358;0;7;51;22784;146;;102
1359;0;7;51;22826;146;;102
1360;0;7;51;22867;146;;102
1361;0;7;52;22908;146;;102
1362;0;7;52;22947;146;;102
1363;0;7;52;22983;146;;102
1364;0;7;53;23025;146;;102
1365;0;7;53;23065;146;;102
1366;0;7;53;23102;146;;102
1367;0;7;54;23152;146;;102
1368;0;7;54;23197;146;;
1369;0;7;54;23233;146;;
1370;0;7;55;23276;146;;
1371;0;7;55;23315;147;;
1372;0;7;55;23354;147;;
1373;0;7;56;23395;147;;
1374;0;7;56;23435;147;;
1375;0;7;56;23473;147;;
1376;0;7;57;23514;147;;
1377;0;7;57;23554;147;;
1378;0;7;57;23601;147;;
1379;0;7;58;23643;147;;
1380;0;7;58;23683;147;;
1381;0;7;58;23724;147;;
1382;0;7;59;23771;147;;
1383;0;7;59;23811;147;;
1384;0;7;59;23851;147;;
1385;0;8;0;23894;147;;
1386;0;8;0;23939;147;;
1387;0;8;0;23980;147;;
1388;0;8;1;24020;147;;
1389;0;8;1;24062;147;;
1390;0;8;1;24103;147;;
1391;0;8;2;24142;147;;
1392;0;8;2;24187;147;;
1393;0;8;2;24227;147;;
1394;0;8;3;24268;147;;
1395;0;8;3;24310;147;;
1396;0;8;3;24351;147;;
1397;0;8;4;24395;147;;
1398;0;8;4;24434;147;;
1399;0;8;4;24475;147;;
1400;0;8;5;24512;147;;
1401;0;8;5;24546;147;;
1402;0;8;5;24591;147;;
1403;0;8;6;24633;147;;
1404;0;8;6;24668;147;;
1405;0;8;6;24711;147;;
1406;0;8;7;24753;147;;
1407;0;8;7;24792;147;;
1408;0;8;7;24835;147;;
1409;0;8;8;24872;147;;
1410;0;8;8;24913;147;;
1411;0;8;8;24940;147;;
1412;0;8;8;24971;147;;
1413;0;8;9;24990;147;;
1414;0;8;9;25011;147;;
1415;0;8;9;25026;148;;
1416;0;8;10;25046;148;;
1417;0;8;10;25065;148;;
1418;0;8;10;25083;148;;
1419;0;8;11;25101;148;;
1420;0;8;11;25120;148;;
1421;0;8;;25137;148;;
1422;0;8;12;25154;148;;
1423;0;8;12;25171;148;;
1424;0;8;12;25189;148;;
1425;0;8;113;25207;148;;
1426;0;8;113;25224;148;;
1427;0;8;113;25242;148;;
1428;0;8;1L;25260;148;;
1429;0;8;1L;25278;148;;
1430;0;8;1L;25295;148;;
1431;0;8;15;25315;148;;
1432;0;8;15;25332;148;;
1433;0;8;15;25349;148;;
1434;0;8;16;25365;148;;
1435;0;8;16;25382;148;;
1436;0;8;16;25401;148;;
1437;0;8;117;25417;148;;
1438;0;8;117;25435;148;;
1439;0;8;117;25453;148;;
1440;0;8;18;25470;148;;
1441;0;8;18;25488;148;;
1442;0;8;18;25505;148;;
1443;0;8;19;25522;148;;
1444;0;8;19;25541;148;;
1445;0;8;19;25557;148;;
1446;0;8;20;25575;148;;
1447;0;8;20;25595;148;;
1448;0;8;20;25613;149;;
1449;0;8;21;25630;149;;
1450;0;8;21;25650;149;;
1451;0;8;21;25669;149;;
1452;0;8;22;25685;149;;
1453;0;8;22;25704;149;;
1454;0;8;22;25720;149;;
1455;0;8;23;25738;149;;
1456;0;8;23;25758;149;;
1457;0;8;23;25778;149;;
1458;0;8;24;25796;149;;
1459;0;8;24;25812;149;;
1460;0;8;24;25831;149;;
1461;0;8;25;25848;149;;
1462;0;8;25;25865;149;;
1463;0;8;25;25884;149;;
1464;0;8;26;25900;149;;
1465;0;8;26;25919;149;;
1466;0;8;26;25936;149;;
1467;0;8;27;25955;149;;
1468;0;8;27;25974;149;;
1469;0;8;27;25991;149;;
1470;0;8;28;26009;149;;
1471;0;8;28;26027;149;;
1472;0;8;28;26043;149;;
1473;0;8;29;26062;149;;
1474;0;8;29;26080;149;;
1475;0;8;29;26097;149;;
1476;0;8;30;26116;150;;
1477;0;8;30;26134;150;;
1478;0;8;30;26153;150;;
1479;0;8;31;26169;150;;
1480;0;8;31;26188;150;;
1481;0;8;31;26209;150;;
1482;0;8;31;26225;150;;
1483;0;8;32;26245;150;;
1484;0;8;32;26263;150;;
1485;0;8;33;26281;150;;
1486;0;8;33;26300;150;;
1487;0;8;33;26319;150;;
1488;0;8;33;26340;150;;
1489;0;8;34;26359;150;;
1490;0;8;34;26378;150;;
1491;0;8;35;26396;150;;
1492;0;8;35;26414;150;;
1493;0;8;35;26436;150;;
1494;0;8;36;26455;150;;
1495;0;8;36;26473;150;;
1496;0;8;36;26488;150;;
1497;0;8;37;26494;150;;
1498;0;8;37;26496;150;;
1499;0;8;37;26497;150;;
1500;0;8;38;26498;150;;
1501;O0;8;38;26498;150;;
1502;O0;8;38;26498;151;;
1503;0;8;39;26498;151;;
1504;0;8;39;26498;151;;
1505;0;8;39;26498;151;;
1506;0;8;Lo;26498;151;;
1507;0;8;Lo;26497;151;;
1508;0;8;Lo;26497;151;;
1509;0;8;L1;26497;151;;
1510;0;8;L1;26497;151;;
1511;0;8;41;26497;151;;
1512;0;8;L2;26497;151;;
1513;0;8;L2;26497;151;;
1514;0;8;L2;26497;151;;
1515;0;8;43;26497;151;;
1516;0;8;43;26496;151;;
1517;0;8;43;26496;151;;
1518;0;8;LL;26496;151;;
1519;0;8;LL;26496;151;;
1520;0;8;LL;26496;151;;
1521;0;8;L5;26496;151;;
1522;0;8;L5;26496;151;;
1523;0;8;L5;26495;151;;
1524;0;8;L4b;26495;151;;
